{
  "materialMappings": {
    "invar_rod": 66,
    "fiery_rod": 47,
    "aquamarine_ore_minecraft_stone": 50,
    "invar_block": 68,
    "osmium_ore": 110,
    "ardite_dust": 129,
    "modularium_molten": 75,
    "bronze_plate": 26,
    "compressed_iron_gear": 80,
    "osmium_ore_minecraft_stone": 111,
    "cobalt_gear": 20,
    "platinum_rod": 36,
    "inferium_ore_extraplanets_kepler22b_stone": 122,
    "silver_plate": 11,
    "lead_gear": 15,
    "enhanced_galgadorian_plate": 95,
    "tin_rod": 9,
    "iron_ore_galacticraftcore_bottom": 121,
    "enhanced_galgadorian_rod": 98,
    "steeleaf_plate": 39,
    "cobalt_rod": 24,
    "redstone_alloy_block": 60,
    "naphtha_molten": 76,
    "steeleaf_rod": 42,
    "reinforced_metal_rod": 103,
    "galgadorian_plate": 90,
    "bronze_rod": 29,
    "aquamarine_ore": 30,
    "compressed_iron_rod": 84,
    "platinum_molten": 52,
    "galgadorian_molten": 104,
    "cobalt_dust": 130,
    "tin_plate": 6,
    "copper_plate": 1,
    "meteoric_iron_dust": 128,
    "galgadorian_gear": 107,
    "inferium_ore": 119,
    "stone_nugget": 108,
    "platinum_ingot": 37,
    "prosperity_ore": 120,
    "bronze_armor": 125,
    "redstone_alloy_rod": 58,
    "copper_rod": 4,
    "bronze_gear": 25,
    "redstone_alloy_gear": 54,
    "invar_molten": 69,
    "invar_plate": 63,
    "redstone_alloy_ingot": 59,
    "titanium_molten": 127,
    "steeleaf_molten": 48,
    "modularium_plate": 71,
    "lead_plate": 16,
    "space_platinum_dust": 114,
    "enhanced_galgadorian_molten": 105,
    "platinum_dust": 117,
    "invar_gear": 62,
    "silver_gear": 10,
    "platinum_block": 51,
    "diamond_gear": 88,
    "fiery_gear": 43,
    "propene_molten": 79,
    "plastic_molten": 77,
    "gold_gear": 87,
    "steeleaf_gear": 38,
    "redstone_molten": 53,
    "osmium_molten": 109,
    "steel_gear": 89,
    "tin_gear": 5,
    "gold_ore": 115,
    "modularium_rod": 74,
    "reinforced_metal_plate": 100,
    "platinum_gear": 32,
    "modularium_gear": 70,
    "galgadorian_rod": 93,
    "titanium_cluster": 126,
    "reinforced_metal_molten": 106,
    "lead_rod": 19,
    "copper_armor": 124,
    "glowstone_molten": 85,
    "iron_ore": 118,
    "iron_gear": 86,
    "silver_rod": 14,
    "fiery_plate": 44,
    "reinforced_metal_gear": 99,
    "platinum_plate": 33,
    "silicon_ore_sample": 112,
    "copper_gear": 0,
    "gold_ore_galacticraftplanets_bottom": 116,
    "prosperity_ore_extraplanets_kepler22b_stone": 123,
    "compressed_iron_plate": 81,
    "enhanced_galgadorian_gear": 94,
    "cobalt_plate": 21,
    "ender_pearl_molten": 31,
    "osmium_ore_sample": 113,
    "redstone_alloy_plate": 55,
    "invar_ingot": 67,
    "redstone_alloy_molten": 61
  }
}