{
  "savedSubBlockNames": {
    "0": {
      "0": "aquamarine_ore_minecraft_stone",
      "1": "platinum_block",
      "2": "redstone_alloy_block",
      "3": "invar_block",
      "4": "osmium_ore_minecraft_stone",
      "5": "silicon_ore_sample",
      "6": "osmium_ore_sample",
      "7": "gold_ore_galacticraftplanets_bottom",
      "8": "inferium_ore_extraplanets_kepler22b_stone",
      "9": "prosperity_ore_extraplanets_kepler22b_stone",
      "10": "iron_ore_galacticraftcore_bottom"
    },
    "1": {},
    "2": {},
    "3": {}
  }
}