{
  "version": 2,
  "data": {
    "abyssalcraft:abyssal_wastelands": "SAVANNA",
    "abyssalcraft:coralium_infested_swamp": "SWAMP",
    "abyssalcraft:dark_realm": "SWAMP_HILLS",
    "abyssalcraft:darklands": "JUNGLE_EDGE",
    "abyssalcraft:darklands_forest": "FOREST",
    "abyssalcraft:darklands_hills": "HILLS",
    "abyssalcraft:darklands_mountains": "MOUNTAINS_NAKED",
    "abyssalcraft:darklands_plains": "PLAINS",
    "abyssalcraft:dreadlands": "SWAMP",
    "abyssalcraft:dreadlands_forest": "FOREST",
    "abyssalcraft:dreadlands_mountains": "MOUNTAINS_NAKED",
    "abyssalcraft:omothol": "SHORE",
    "abyssalcraft:purged": "PLAINS",
    "abyssalcraft:purified_dreadlands": "SAVANNA",
    "appliedenergistics2:storage_biome": "END_VOID",
    "beneath:the_beneath": "CAVE_WALLS",
    "extraplanets:outer space 10": "END_VOID",
    "extraplanets:outer space 11": "END_VOID",
    "extraplanets:outer space 12": "END_VOID",
    "extraplanets:outer space 3": "END_VOID",
    "extraplanets:outer space 4": "END_VOID",
    "extraplanets:outer space 5": "END_VOID",
    "extraplanets:outer space 6": "END_VOID",
    "extraplanets:outer space 7": "END_VOID",
    "extraplanets:outer space 8": "END_VOID",
    "extraplanets:outer space 9": "END_VOID",
    "galacticraftcore:outer space": "END_VOID",
    "galacticraftplanets:outer space 1": "END_VOID",
    "galacticraftplanets:outer space 2": "END_VOID",
    "integrateddynamics:biome_meneglin": "BIRCH",
    "jeid:error_biome": "PLAINS",
    "minecraft:beaches": "SHORE",
    "minecraft:birch_forest": "BIRCH",
    "minecraft:birch_forest_hills": "BIRCH_HILLS",
    "minecraft:cold_beach": "SHORE",
    "minecraft:deep_ocean": "WATER",
    "minecraft:desert": "DESERT",
    "minecraft:desert_hills": "DESERT_HILLS",
    "minecraft:extreme_hills": "MOUNTAINS",
    "minecraft:extreme_hills_with_trees": "MOUNTAINS_ALL",
    "minecraft:forest": "FOREST",
    "minecraft:forest_hills": "FOREST_HILLS",
    "minecraft:frozen_ocean": "ICE",
    "minecraft:frozen_river": "ICE",
    "minecraft:hell": "CAVE_WALLS",
    "minecraft:ice_flats": "SNOW",
    "minecraft:ice_mountains": "SNOW_HILLS",
    "minecraft:jungle": "JUNGLE",
    "minecraft:jungle_edge": "JUNGLE_EDGE",
    "minecraft:jungle_hills": "JUNGLE_HILLS",
    "minecraft:mesa": "MESA",
    "minecraft:mesa_clear_rock": "PLATEAU_MESA",
    "minecraft:mesa_rock": "PLATEAU_MESA_TREES",
    "minecraft:mushroom_island": "MUSHROOM",
    "minecraft:mushroom_island_shore": "SHORE",
    "minecraft:mutated_birch_forest": "TALL_BIRCH",
    "minecraft:mutated_birch_forest_hills": "TALL_BIRCH_HILLS",
    "minecraft:mutated_desert": "DESERT",
    "minecraft:mutated_extreme_hills": "MOUNTAINS_SNOW_CAPS",
    "minecraft:mutated_extreme_hills_with_trees": "MOUNTAINS_SNOW_CAPS",
    "minecraft:mutated_forest": "FOREST_FLOWERS",
    "minecraft:mutated_ice_flats": "ICE_SPIKES",
    "minecraft:mutated_jungle": "JUNGLE_CLIFFS",
    "minecraft:mutated_jungle_edge": "JUNGLE_EDGE_HILLS",
    "minecraft:mutated_mesa": "BRYCE",
    "minecraft:mutated_mesa_clear_rock": "PLATEAU_MESA_LOW",
    "minecraft:mutated_mesa_rock": "PLATEAU_MESA_TREES_LOW",
    "minecraft:mutated_plains": "SUNFLOWERS",
    "minecraft:mutated_redwood_taiga": "MEGA_SPRUCE",
    "minecraft:mutated_redwood_taiga_hills": "MEGA_SPRUCE_HILLS",
    "minecraft:mutated_roofed_forest": "DENSE_FOREST_HILLS",
    "minecraft:mutated_savanna": "SAVANNA_CLIFFS",
    "minecraft:mutated_savanna_rock": "PLATEAU_SAVANNA_M",
    "minecraft:mutated_swampland": "SWAMP_HILLS",
    "minecraft:mutated_taiga": "PINES_HILLS",
    "minecraft:mutated_taiga_cold": "SNOW_PINES_HILLS",
    "minecraft:ocean": "WATER",
    "minecraft:plains": "PLAINS",
    "minecraft:redwood_taiga": "MEGA_TAIGA",
    "minecraft:redwood_taiga_hills": "MEGA_TAIGA_HILLS",
    "minecraft:river": "WATER",
    "minecraft:roofed_forest": "DENSE_FOREST",
    "minecraft:savanna": "SAVANNA",
    "minecraft:savanna_rock": "PLATEAU_SAVANNA",
    "minecraft:sky": "SHORE",
    "minecraft:smaller_extreme_hills": "MOUNTAINS",
    "minecraft:stone_beach": "ROCK_SHORE",
    "minecraft:swampland": "SWAMP",
    "minecraft:taiga": "PINES",
    "minecraft:taiga_cold": "SNOW_PINES",
    "minecraft:taiga_cold_hills": "SNOW_PINES_HILLS",
    "minecraft:taiga_hills": "PINES_HILLS",
    "minecraft:void": "SHORE",
    "nex:arctic_abyss": "DESERT",
    "nex:fungi_forest": "MUSHROOM",
    "nex:ruthless_sands": "DESERT",
    "nex:torrid_wasteland": "PLAINS",
    "thebetweenlands:coarse_islands": "SWAMP",
    "thebetweenlands:deep_waters": "SWAMP",
    "thebetweenlands:marsh_0": "SWAMP",
    "thebetweenlands:marsh_1": "SWAMP",
    "thebetweenlands:patchy_islands": "SWAMP",
    "thebetweenlands:sludge_plains": "SWAMP",
    "thebetweenlands:sludge_plains_clearing": "SWAMP",
    "thebetweenlands:swamplands": "SWAMP",
    "thebetweenlands:swamplands_clearing": "SWAMP",
    "traverse:autumnal_wooded_hills": "DENSE_FOREST_HILLS",
    "traverse:autumnal_woods": "FOREST",
    "traverse:badlands": "FOREST",
    "traverse:birch_forested_hills": "BIRCH_HILLS",
    "traverse:canyon": "PLATEAU_MESA_LOW",
    "traverse:cliffs": "MOUNTAINS",
    "traverse:crag_cliffs": "PLATEAU_MESA",
    "traverse:forested_hills": "FOREST_HILLS",
    "traverse:glacier": "ICE",
    "traverse:glacier_spikes": "ICE_SPIKES",
    "traverse:green_swamp": "SWAMP",
    "traverse:lush_hills": "MEGA_SPRUCE_HILLS",
    "traverse:meadow": "PLAINS",
    "traverse:mini_jungle": "JUNGLE",
    "traverse:mountainous_desert": "DESERT_HILLS",
    "traverse:red_desert": "DESERT",
    "traverse:rocky_plateau": "PLATEAU_MESA_LOW",
    "traverse:snowy_coniferous_forest": "SNOW_PINES",
    "traverse:temperate_rainforest": "FOREST",
    "traverse:woodlands": "BIRCH",
    "twilightforest:dark_forest": "JUNGLE",
    "twilightforest:dark_forest_center": "JUNGLE_CLIFFS",
    "twilightforest:deep_mushroom_forest": "MEGA_SPRUCE_HILLS",
    "twilightforest:dense_twilight_forest": "DENSE_FOREST",
    "twilightforest:enchanted_forest": "FOREST_FLOWERS",
    "twilightforest:fire_swamp": "SWAMP_HILLS",
    "twilightforest:firefly_forest": "BIRCH",
    "twilightforest:highlands_center": "PLATEAU_MESA",
    "twilightforest:mushroom_forest": "MEGA_SPRUCE",
    "twilightforest:oak_savannah": "SAVANNA",
    "twilightforest:snowy_forest": "SNOW_PINES",
    "twilightforest:thornlands": "DESERT_HILLS",
    "twilightforest:twilight_clearing": "PLAINS",
    "twilightforest:twilight_forest": "FOREST",
    "twilightforest:twilight_glacier": "SNOW",
    "twilightforest:twilight_highlands": "PLATEAU_MESA_TREES",
    "twilightforest:twilight_lake": "WATER",
    "twilightforest:twilight_stream": "WATER",
    "twilightforest:twilight_swamp": "SWAMP"
  }
}